code, name, initial_stock, current_stock, soldF3001,Bread,500,300,200
F3002,Milk,400,300,100
F3003,Eggs,350,250,100
F3004,Cheese,300,200,100
F3005,Yogurt,280,180,100
F3006,Butter,260,160,100
F3015,Tomatoes,200,150,50
F3007,Apples,240,140,100
F3016,Cucumbers,180,140,40
F3008,Oranges,220,120,100
F3017,Onions,160,120,40
F3009,Bananas,200,100,100
F3018,Garlic,140,100,40
F3019,Peppers,120,90,30
F3010,Grapes,180,80,100
F3020,Carrots,100,80,20
F3013,Beef,130,70,60
F3021,Lettuce,90,70,20
F3011,Chicken,160,60,100
F3014,Pork,120,60,60
F3022,Spinach,80,60,20
F3023,Mushrooms,70,50,20
F3012,Fish,140,40,100
F3024,Cherries,60,40,20
F3025,Berries,50,30,20
