{
    "ali": {
        "balance": 1300,
        "age": 26
    },
    "asal": {
        "balance": 700,
        "age": 19
    },
    "kian": {
        "balance": 500,
        "age": 18
    },
    "hamid": {
        "balance": 0,
        "age": 20
    },
    "mitra": {
        "balance": 0,
        "age": 27
    },
    "vahid": {
        "balance": 50,
        "age": 26
    },
    "kiarash": {
        "balance": 0,
        "age": 26
    },
    "sara": {
        "balance": 0,
        "age": 25
    },
    "nima": {
        "balance": 0,
        "age": 25
    }
}