code, name, initial_stock, current_stock, soldcode,name,initial_stock,current_stock,sold
code,name,initial_stock,current_stock,sold
code,name,initial_stock,current_stock,sold
code,name,initial_stock,current_stock,sold
code,name,initial_stock,current_stock,sold
code,name,initial_stock,current_stock,sold
code,name,initial_stock,current_stock,sold
code,name,initial_stock,current_stock,sold
code,name,initial_stock,current_stock,sold
code,name,initial_stock,current_stock,sold
code,name,initial_stock,current_stock,sold
code,name,initial_stock,current_stock,sold
code,name,initial_stock,current_stock,sold
code,name,initial_stock,current_stock,sold
code,name,initial_stock,current_stock,sold
