code, name, initial_stock, current_stock, soldC2001,T-shirt,300,180,120
C2005,Scarf,180,140,40
C2009,Hat,190,140,50
C2004,Sneakers,220,120,100
C2002,Jeans,200,100,100
C2008,Blouse,160,100,60
C2006,Dress,150,90,60
C2007,Skirt,130,80,50
C2016,Tie,95,75,20
C2010,Gloves,120,60,60
C2015,Socks,85,55,30
C2003,Jacket,150,50,100
C2012,Sunglasses,100,50,50
C2014,Cap,75,50,25
C2013,Belt,90,45,45
C2020,Winter Coat,70,35,35
C2011,Watch,110,30,80
C2019,Swimwear,50,30,20
C2017,Vest,60,20,40
C2018,Raincoat,40,20,20
