{
    "products": [
      {
        "category": "Electronics",
        "items": [
          {"code": "E1001", "name": "Laptop", "initial_stock": 100, "current_stock": 60, "sold": 40},
          {"code": "E1002", "name": "Smartphone", "initial_stock": 200, "current_stock": 150, "sold": 50},
          {"code": "E1003", "name": "Tablet", "initial_stock": 150, "current_stock": 90, "sold": 60},
          {"code": "E1004", "name": "Camera", "initial_stock": 180, "current_stock": 120, "sold": 60},
          {"code": "E1005", "name": "Smart Watch", "initial_stock": 200, "current_stock": 100, "sold": 100},
          {"code": "E1006", "name": "Earphones", "initial_stock": 300, "current_stock": 240, "sold": 60},
          {"code": "E1007", "name": "Speaker", "initial_stock": 250, "current_stock": 180, "sold": 70},
          {"code": "E1008", "name": "Charger", "initial_stock": 400, "current_stock": 300, "sold": 100},
          {"code": "E1009", "name": "VR Headset", "initial_stock": 90, "current_stock": 30, "sold": 60},
          {"code": "E1010", "name": "Drone", "initial_stock": 50, "current_stock": 10, "sold": 40},
          {"code": "E1011", "name": "GPS Navigator", "initial_stock": 60, "current_stock": 20, "sold": 40},
          {"code": "E1012", "name": "Projector", "initial_stock": 70, "current_stock": 30, "sold": 40},
          {"code": "E1013", "name": "Keyboard", "initial_stock": 120, "current_stock": 80, "sold": 40},
          {"code": "E1014", "name": "Mouse", "initial_stock": 150, "current_stock": 110, "sold": 40},
          {"code": "E1015", "name": "External Hard Drive", "initial_stock": 80, "current_stock": 40, "sold": 40}
        ]
      },
      {
        "category": "Clothing",
        "items": [
          {"code": "C2001", "name": "T-shirt", "initial_stock": 300, "current_stock": 180, "sold": 120},
          {"code": "C2002", "name": "Jeans", "initial_stock": 200, "current_stock": 100, "sold": 100},
          {"code": "C2003", "name": "Jacket", "initial_stock": 150, "current_stock": 50, "sold": 100},
          {"code": "C2004", "name": "Sneakers", "initial_stock": 220, "current_stock": 120, "sold": 100},
          {"code": "C2005", "name": "Scarf", "initial_stock": 180, "current_stock": 140, "sold": 40},
          {"code": "C2006", "name": "Dress", "initial_stock": 150, "current_stock": 90, "sold": 60},
          {"code": "C2007", "name": "Skirt", "initial_stock": 130, "current_stock": 80, "sold": 50},
          {"code": "C2008", "name": "Blouse", "initial_stock": 160, "current_stock": 100, "sold": 60},
          {"code": "C2009", "name": "Hat", "initial_stock": 190, "current_stock": 140, "sold": 50},
          {"code": "C2010", "name": "Gloves", "initial_stock": 120, "current_stock": 60, "sold": 60},
          {"code": "C2011", "name": "Watch", "initial_stock": 110, "current_stock": 30, "sold": 80},
          {"code": "C2012", "name": "Sunglasses", "initial_stock": 100, "current_stock": 50, "sold": 50},
          {"code": "C2013", "name": "Belt", "initial_stock": 90, "current_stock": 45, "sold": 45},
          {"code": "C2014", "name": "Cap", "initial_stock": 75, "current_stock": 50, "sold": 25},
          {"code": "C2015", "name": "Socks", "initial_stock": 85, "current_stock": 55, "sold": 30},
          {"code": "C2016", "name": "Tie", "initial_stock": 95, "current_stock": 75, "sold": 20},
          {"code": "C2017", "name": "Vest", "initial_stock": 60, "current_stock": 20, "sold": 40},
          {"code": "C2018", "name": "Raincoat", "initial_stock": 40, "current_stock": 20, "sold": 20},
          {"code": "C2019", "name": "Swimwear", "initial_stock": 50, "current_stock": 30, "sold": 20},
          {"code": "C2020", "name": "Winter Coat", "initial_stock": 70, "current_stock": 35, "sold": 35}
        ]
      },
      {
        "category": "Food",
        "items": [
          {"code": "F3001", "name": "Bread", "initial_stock": 500, "current_stock": 300, "sold": 200},
          {"code": "F3002", "name": "Milk", "initial_stock": 400, "current_stock": 300, "sold": 100},
          {"code": "F3003", "name": "Eggs", "initial_stock": 350, "current_stock": 250, "sold": 100},
          {"code": "F3004", "name": "Cheese", "initial_stock": 300, "current_stock": 200, "sold": 100},
          {"code": "F3005", "name": "Yogurt", "initial_stock": 280, "current_stock": 180, "sold": 100},
          {"code": "F3006", "name": "Butter", "initial_stock": 260, "current_stock": 160, "sold": 100},
          {"code": "F3007", "name": "Apples", "initial_stock": 240, "current_stock": 140, "sold": 100},
          {"code": "F3008", "name": "Oranges", "initial_stock": 220, "current_stock": 120, "sold": 100},
          {"code": "F3009", "name": "Bananas", "initial_stock": 200, "current_stock": 100, "sold": 100},
          {"code": "F3010", "name": "Grapes", "initial_stock": 180, "current_stock": 80, "sold": 100},
          {"code": "F3011", "name": "Chicken", "initial_stock": 160, "current_stock": 60, "sold": 100},
          {"code": "F3012", "name": "Fish", "initial_stock": 140, "current_stock": 40, "sold": 100},
          {"code": "F3013", "name": "Beef", "initial_stock": 130, "current_stock": 70, "sold": 60},
          {"code": "F3014", "name": "Pork", "initial_stock": 120, "current_stock": 60, "sold": 60},
          {"code": "F3015", "name": "Tomatoes", "initial_stock": 200, "current_stock": 150, "sold": 50},
          {"code": "F3016", "name": "Cucumbers", "initial_stock": 180, "current_stock": 140, "sold": 40},
          {"code": "F3017", "name": "Onions", "initial_stock": 160, "current_stock": 120, "sold": 40},
          {"code": "F3018", "name": "Garlic", "initial_stock": 140, "current_stock": 100, "sold": 40},
          {"code": "F3019", "name": "Peppers", "initial_stock": 120, "current_stock": 90, "sold": 30},
          {"code": "F3020", "name": "Carrots", "initial_stock": 100, "current_stock": 80, "sold": 20},
          {"code": "F3021", "name": "Lettuce", "initial_stock": 90, "current_stock": 70, "sold": 20},
          {"code": "F3022", "name": "Spinach", "initial_stock": 80, "current_stock": 60, "sold": 20},
          {"code": "F3023", "name": "Mushrooms", "initial_stock": 70, "current_stock": 50, "sold": 20},
          {"code": "F3024", "name": "Cherries", "initial_stock": 60, "current_stock": 40, "sold": 20},
          {"code": "F3025", "name": "Berries", "initial_stock": 50, "current_stock": 30, "sold": 20}
        ]
      }
    ]
  }
  